0.04898,0.13589,0.13979,0.07205,0.51658,0.87952,0.06399,0.11963,0.0367,0.03056,0.07234,0.13169,1,0.59902,0.00963,0.00004,0.01198,0.001,0.04148,0.05991,0.46067,0.73283,0.19118,0.67426,0.03966,0.02445,0.5247,0.73044,0.72285,0.58449
0.07034,0.07872,0.17015,0.16316,0.52602,0.89925,0.05313,0.07472,0.03367,0.0254,0.06082,0.01749,0.77085,0.67766,0.00353,0.01346,0.00068,0.001,0.00597,0.01218,0.86894,0.38369,0.06506,0.45258,0.04572,0.69743,0.05634,0.59887,0.73461,0.69088
0.01591,0.01704,0.10259,0.03541,0.65207,0.89547,0.05,0.0587,0.07359,0.08849,0.01133,0.58824,0.001,0.001,0.01069,0.02,0.02,1,0.51448,0.39755,0.46103,0.70128,1,0.79846,0.87496,0.28659,0.23593,0.96684,0.71404,0.76768
0.05247,0.0575,0.13632,0.01718,0.68044,0.89203,0.06231,0.05932,0.06915,0.05033,0.0735,0.35166,0.01429,0.37385,0.02,0.018,0.00942,0.02534,0.1819,0.99304,0.46785,0.34918,0.31886,0.73386,0.2271,0.20807,0.09384,0.89823,0.43218,0.85499
0.01289,0.04436,0.13595,0.001,0.79345,0.87894,0.05317,0.05,0.09499,0.05106,0.02485,0.49039,0.001,0.03237,0.01833,0.0182,0.01384,0.05185,0.36511,0.5537,0.38423,0.32293,0.66029,0.58374,0.42944,0.07561,0.54923,0.95705,0.66325,0.43902
0.03009,0.04467,0.08021,0.001,0.59788,0.9,0.06431,0.05,0.08393,0.05046,0.04867,0.47422,0.001,0.001,0.01476,0.02,0.01771,0.03223,0.37097,1,0.30228,0.1572,0.25594,0.7805,0.37505,0.89375,0.82064,0.28495,0.42097,0.99656
0.001,0.001,0.001,0.15786,0.44524,0.9,0.05153,0.05229,0.07144,0,0.1,0.001,0.001,0.001,0.01201,0.02,0.01339,0.31663,0.09186,0.54752,0.48869,0.4523,0,0,0,1,0.18667,1,0.62187,0.88085
0.07173,0.01705,0.00726,0.13902,0.42188,0.8993,0.05,0.0661,0.00985,0.08863,0.05287,0.44267,0.66067,0.001,0.01692,0.01602,0.01824,0.001,0.09174,0.28997,0.94565,0.37216,0.18053,0.86636,0.10955,0.73021,0.03833,0.87151,0.75947,0.6129
0.78689,0.27743,0.16272,0.04545,0.60963,0.86115,0.05866,0.07445,0.01098,0.04906,0.05433,0.08741,0.94782,0.19146,0.01202,0.00229,0.00577,0.001,0.0595,0.07105,0.26862,0.38782,0.10191,0.39236,0.71163,0.1242,0.50758,0.67938,0.76422,0.86238
0.0226,0.0079,0.00169,0.28505,0.31417,0.9,0.05271,0.05,0.05275,0,0.1,0.001,0.001,0.001,0.00667,0.01928,0.01586,0.31097,0.10896,0.52077,0.153,0.38513,0.05562,0,0,0.92876,0.60356,1,0.72161,0.67384
0.02315,0.001,0.001,0.20331,0.75823,0.84649,0.08109,0.05,0.08882,0.04191,0,0.10747,0.001,0.001,0.02,0.01649,0.01419,0.02531,0.1635,0.81194,0.7741,0.53046,0.51643,0.71722,0.33384,0.45422,0.55881,0.83744,0.98763,0.4398
0.001,0.02644,0.10244,0.18073,0.5513,0.89876,0.05345,0.05,0.01853,0.01941,0.04869,0.001,0.89457,0.78109,0.00264,0.01193,0,0.001,0.001,0.001,0.09981,0.36357,0,0.46391,0,0.60167,0,0.59614,0.73045,0.76417
0.001,0.02063,0.14512,0.00748,0.19824,0.9,0.05544,0.05,0.06493,0.1,0.1,0.001,0.001,0.1143,0.01835,0.02,0.00882,0.0248,0.69466,0.8716,0.93401,0.23857,0.09337,0.96007,1,0.00888,0.98785,0.99337,0.56293,0.35104
0.04238,0.01744,0.05694,0.3128,0.51456,0.89543,0.06359,0.05099,0.08607,0.09903,0.08503,0.19273,0.001,0.0116,0.01622,0.00663,0.01033,0.02245,0.08701,0.21246,0.70763,0.50707,0.0336,0.93679,0.18042,0.58844,0.97962,0.94612,0.26358,0.05699
0.06017,0.16247,0.13473,0.11977,0.47838,0.89514,0.08233,0.05,0.05592,0.06862,0.03399,0.30581,0.70292,0.1005,0.01668,0.00305,0.00662,0.01571,0.00741,0.51791,0.44328,0.54061,0.4438,0.99217,0.17894,0.74128,0.89786,0.94219,0.53002,0.23663
0.00129,0.001,0.02338,0.23404,0.27004,0.89702,0.05172,0.05242,0.09422,0.1,0.09571,0.25425,0.01784,0.04976,0.01861,0.00024,0.00299,0.001,0.02915,0.001,0.71397,0.43611,0.00869,0.99779,0.00943,0.86588,0.99572,0.96529,0.08248,0.06752
0.04906,0.09782,0.14452,0.19771,0.44878,0.88038,0.05038,0.07319,0.02782,0.03901,0.08361,0.69068,0.38983,0.54242,0.01877,0.00503,0.00714,0.00847,0.08655,0.11618,0.76498,0.57202,0.06545,1,0.09905,0.56571,0.50706,0.39531,0.63186,0.66594
0.08805,0.05825,0.06769,0.1964,0.48374,0.9,0.06285,0.0546,0.08714,0.08325,0.07527,0.3318,0.05962,0.06529,0.01882,0.00532,0.0086,0.04851,0.19667,0.83198,0.72458,0.24891,0.07307,0.94316,0.69604,0.19701,0.16109,0.63648,0.80861,0.47448
0.02587,0.001,0.02815,0.31815,0.46369,0.9,0.05,0.05,0.1,0.1,0.1,0.16035,0.001,0.001,0.01443,0.00552,0.00528,0.001,0.04482,0.02741,0.73636,0.51237,0,0.79504,0.00696,0.85411,0.95095,1,0.23621,0
0.06258,0.01818,0.09663,0.19486,1,0.89042,0.05801,0.0525,0.05648,0.05818,0.07011,0.03687,0.01947,0.001,0.0047,0.01511,0.00586,0.04558,0.39139,1,0.94419,1,0.30129,0.89842,0.9513,0.00635,0.99144,1,0.52396,0.20222
0.05598,0.03051,0.05844,0.2895,0.45632,0.89851,0.07368,0.0512,0.08941,0.1,0.1,0.27306,0.05768,0.07351,0.01903,0.00302,0.00657,0.02968,0.14036,0.3578,0.60635,0.50242,0.07866,0.89888,0.19877,0.73934,0.75675,0.95872,0.27458,0.16002
0.02464,0.00681,0.001,0.34309,0.41847,0.9,0.05605,0.05,0.1,0.09886,0.1,0.27869,0.001,0.001,0.01584,0.00116,0.00423,0.00316,0.001,0.03857,0.72675,0.44464,0,0.92684,0,0.82596,1,0.96451,0.12474,0
0.09609,0.04622,0.06388,0.18719,0.3457,0.89391,0.05422,0.05,0.08455,0.07041,0.028,0.21835,0.01596,0.04188,0.00295,0.00641,0.01144,0.0223,0.13658,0.18162,0.84807,0.18311,0.2645,0.234,0.13677,0.42056,0.27482,0.40279,0.71928,0.40921
0.06511,0.02828,0.18563,0.25634,0.32949,0.89412,0.05766,0.05252,0.05029,0.09644,0.1,0.12734,0.02868,0.04509,0.01694,0.00719,0.00335,0.05198,0.95373,0.86527,0.73522,0.40018,0.09895,0.76887,0.9231,0.04259,0.52448,0.77271,0.66572,0.55516
0.05975,0.07683,0.11993,0.16206,0.51601,0.88487,0.0525,0.06748,0.02256,0.04392,0.06479,0.50964,0.35239,0.0833,0.01909,0.01341,0.00776,0.00386,0.06013,0.07838,0.6359,0.64055,0.06801,0.95474,0.06181,0.4294,0.50177,0.46872,0.54778,0.62251
0.0484,0.04042,0.0521,0.22863,0.33521,0.88399,0.06048,0.0574,0.09134,0.08588,0.0871,0.23835,0.07393,0.06207,0.01513,0.00115,0.00504,0.03144,0.09082,0.0827,0.67318,0.37879,0.05477,0.8723,0.12233,0.78134,0.88631,0.86426,0.19612,0.17066
0.13111,0.18851,0.16146,0.09619,0.36621,0.89181,0.09587,0.05,0.06516,0.06374,0.05509,0.30916,0.30704,0.1523,0.0143,0.01085,0.00691,0.00777,0.07284,0.85058,0.73345,0.15402,0.16797,0.92326,0.45369,0.67157,0.89271,0.96623,0.55699,0.41763
0.06749,0.04574,0.07349,0.21266,0.3474,0.88683,0.06476,0.0511,0.05612,0.06635,0.08474,0.11098,0.04626,0.19248,0.01579,0.00322,0.00411,0.03478,0.16085,0.92284,0.48759,0.22947,0.40625,0.8658,0.30387,0.07057,0.60373,0.93514,0.62116,0.34411
0.04077,0.001,0.01554,0.2411,0.3187,0.9,0.05,0.05115,0.09147,0.09718,0.0914,0.14047,0.04457,0.01243,0.01853,0.00282,0.00363,0.001,0.05576,0.05383,0.73603,0.45582,0,0.96722,0.0166,0.83553,0.98315,0.92407,0.12315,0.07617
0.01971,0.03812,0.02807,0.16235,0.51044,0.89739,0.0575,0.05119,0.09751,0.09683,0.08169,0.45167,0.00981,0.0256,0.01913,0.00386,0.01077,0.05197,0.17823,0.47442,0.81949,0.12175,0.02065,0.98967,0.72908,0.09374,0.10703,0.65867,0.79961,0.46682
0.01386,0.001,0.01219,0.32413,0.45939,0.9,0.05,0.05,0.1,0.09959,0.09957,0.17687,0.001,0.001,0.01513,0.00556,0.00481,0.001,0.01539,0.05478,0.74022,0.48974,0.03488,0.79105,0.00309,0.87405,0.95941,1,0.21306,0
0.04849,0.02306,0.04683,0.19254,0.54075,0.89551,0.05593,0.06254,0.07548,0.07239,0.09006,0.29531,0.001,0.08313,0.02,0.00414,0.0073,0.03354,0.17996,0.10307,0.81027,0.3128,0.03641,0.98813,0.77701,0,0.62006,0.75201,0.81539,0.58447
0.02197,0.001,0.02966,0.31714,0.42885,0.9,0.05,0.05,0.1,0.1,0.1,0.09412,0.001,0.001,0.01534,0.00605,0.00365,0.02158,0.11296,0.09048,0.74702,0.4704,0,0.79307,0.08295,0.75709,0.89116,1,0.25984,0.04141
0.02445,0.01548,0.02324,0.16767,0.50563,0.9,0.05484,0.05229,0.08881,0.09026,0.07985,0.473,0.04709,0.05404,0.01981,0.00533,0.0076,0.04487,0.15152,0.50466,0.80824,0.17154,0.03891,0.98305,0.69758,0.09746,0.0994,0.61184,0.83783,0.5025
0.05991,0.04516,0.08647,0.21488,0.33939,0.89711,0.06207,0.05113,0.05613,0.06506,0.06812,0.15176,0.48853,0.16487,0.01494,0.01195,0.00491,0.03144,0.12171,0.81995,0.57021,0.84375,0.37557,0.84169,0.20467,0.31934,0.62783,0.8343,0.59966,0.39547
0.03207,0.02505,0.04199,0.16079,0.30521,0.88862,0.06131,0.05,0.08041,0.07315,0.0208,0.2586,0.05508,0.001,0.00535,0.00703,0.0117,0.00227,0.1124,0.63057,0.94816,0.19311,0.20765,0.25209,0.06408,0.41514,0.37954,0.27942,0.70774,0.42267
0.08647,0.04967,0.06855,0.18589,0.40487,0.89573,0.05965,0.05,0.08284,0.07966,0.03196,0.21919,0.10627,0.06483,0.0078,0.00676,0.00945,0.03832,0.18309,0.4628,0.67266,0.329,0.28808,0.46066,0.1644,0.4857,0.33466,0.55593,0.68665,0.28492
0.01901,0.01841,0.02008,0.15404,0.29773,0.89844,0.05128,0.05083,0.09541,0.0799,0.02352,0.28265,0.02847,0.02563,0.00127,0.00389,0.0116,0.01023,0.12407,0.51947,0.9224,0.05488,0.11371,0.07798,0.05167,0.44134,0.08133,0.26266,0.75922,0.33278
0.03312,0.04818,0.04535,0.19325,0.32486,0.87897,0.06257,0.06004,0.09168,0.08391,0.09283,0.20549,0.08477,0.0394,0.01491,0.00202,0.00436,0.02175,0.09768,0.111,0.75033,0.4011,0.08157,0.82272,0.17063,0.83042,0.81402,0.90765,0.2279,0.12052
0.05711,0.06902,0.07657,0.20383,0.36577,0.89466,0.06911,0.05455,0.04905,0.05795,0.06732,0.26982,0.4581,0.19837,0.01619,0.0103,0.00503,0.04546,0.16862,0.82215,0.51489,0.71469,0.33191,0.81073,0.34164,0.33136,0.60812,0.76977,0.61465,0.3437
0.08723,0.04951,0.08538,0.29728,0.46206,0.89712,0.06015,0.05162,0.08331,0.08739,0.07592,0.25751,0.04815,0.07688,0.01391,0.00565,0.00581,0.02451,0.09902,0.25394,0.64742,0.57696,0.16301,0.90316,0.09814,0.59574,0.94776,0.78921,0.31952,0.1572
0.02374,0.04617,0.02485,0.19736,0.31792,0.87613,0.0638,0.05773,0.09891,0.08659,0.09844,0.16662,0.05628,0.001,0.01549,0.00191,0.00328,0.0086,0.07114,0.03179,0.75953,0.37162,0.03218,0.82114,0.11651,0.89476,0.83908,0.9846,0.16668,0.04727
0.06205,0.02052,0.01683,0.16454,0.51322,0.89918,0.05338,0.07633,0.0959,0.08446,0.09464,0.37531,0.04633,0.05997,0.01719,0.00468,0.00916,0.03749,0.16887,0.82765,0.7899,0.19757,0.09141,0.92967,0.63198,0.09144,0.09642,0.72498,0.82627,0.48051
0.05751,0.0465,0.04185,0.20234,0.35008,0.88062,0.05978,0.05662,0.09274,0.08975,0.08541,0.22669,0.07223,0.05043,0.01377,0.00181,0.00503,0.03818,0.13194,0.19293,0.65581,0.41952,0.10218,0.86187,0.16439,0.71224,0.81269,0.88482,0.2321,0.16116
0.001,0.01081,0.13876,0.001,0.19269,0.89882,0.05322,0.05,0.03691,0.09983,0.1,0.001,0.001,0.11491,0.01825,0.02,0.00839,0.03277,0.70443,0.89597,0.935,0.22556,0.07986,0.96053,1,0,1,1,0.55868,0.3498
0.01277,0.01704,0.10824,0.06591,0.31319,0.89994,0.05174,0.05212,0.07424,0.06137,0.0648,0.00766,0.00745,0.001,0.00249,0.01757,0.01319,0.0303,0.69766,0.93311,0.88376,0.76463,0.07606,0.30863,0.86546,0.01619,0.94005,0.33501,0.67698,0.39352
0.03329,0.03318,0.04295,0.16487,0.34794,0.89145,0.06039,0.05065,0.08717,0.07422,0.03452,0.21454,0.0375,0.02431,0.00263,0.00745,0.01072,0.00354,0.10881,0.57551,0.84743,0.20688,0.29076,0.29282,0.08514,0.41752,0.39124,0.41648,0.66371,0.38664
0.05684,0.14552,0.23151,0.27563,0.38537,0.89155,0.13638,0.09971,0.03316,0.04385,0.04431,0.61049,0.82689,0.26153,0.01437,0.00347,0.00355,0.001,0.001,0.02995,0.08898,0.19561,0.00715,0.80183,0.33025,0.38664,0.12873,0.15811,0.49131,0.37445
0.04959,0.04924,0.05999,0.19441,0.58477,0.89727,0.07145,0.05661,0.07473,0.07242,0.08859,0.28912,0.04856,0.0765,0.01857,0.00609,0.00481,0.05876,0.19973,0.72402,0.7724,0.31867,0.14406,0.95663,0.72188,0.05966,0.60194,0.76784,0.72611,0.61261
0.02616,0.06778,0.15187,0.01049,0.19937,0.9,0.05503,0.05175,0.03588,0.1,0.09579,0.05188,0.001,0.09069,0.01987,0.01621,0.01546,0.03389,0.53186,0.95397,0.96475,0.2164,0.04643,1,0.94191,0,0.98163,1,0.54272,0.27023
0.08225,0.06293,0.13833,0.20619,0.33602,0.87954,0.07249,0.0512,0.06024,0.06857,0.05852,0.14043,0.06844,0.17913,0.013,0.00262,0.00796,0.03439,0.19612,0.90009,0.49604,0.86872,0.43921,0.84028,0.30852,0.19291,0.61395,0.95857,0.57569,0.34283
0.05589,0.16112,0.26325,0.27383,0.40192,0.89313,0.14076,0.1065,0.03995,0.04883,0.05684,0.61079,0.84231,0.28321,0.01455,0.00396,0.00389,0.00727,0.001,0.02804,0.10553,0.13218,0.04648,0.79371,0.37648,0.36342,0.10672,0.21883,0.42784,0.31765
0.05994,0.04498,0.08512,0.19753,0.38134,0.89135,0.06761,0.05049,0.0623,0.07131,0.08381,0.0999,0.04259,0.17151,0.01555,0.00321,0.00431,0.04199,0.18473,0.8784,0.51075,0.82259,0.36211,0.86255,0.3116,0.04478,0.58871,0.93053,0.62305,0.35663
0.001,0.001,0.001,0.24188,0.24427,0.9,0.0514,0.05,0.09643,0.1,0.09736,0.23142,0.036,0.00714,0.01831,0.00115,0.00319,0.001,0.001,0.04029,0.73782,0.4287,0,0.99717,0,0.91412,1,1,0.0824,0.03785
0.08802,0.04819,0.12083,0.21213,0.3494,0.8779,0.06941,0.05042,0.06317,0.06588,0.0623,0.15572,0.03475,0.1605,0.01372,0.0024,0.00819,0.03417,0.17204,0.97287,0.46488,0.8425,0.44025,0.85335,0.34558,0.19576,0.50313,0.95829,0.60627,0.36221
0.0061,0.00962,0.001,0.16997,0.51249,0.89406,0.05503,0.05024,0.09893,0.08991,0.0824,0.43331,0.00204,0.001,0.02,0.00524,0.0105,0.02637,0.16622,0.58837,0.88762,0.10961,0,0.98942,0.7691,0.04857,0.04239,0.76431,0.85917,0.59188
0.05984,0.05171,0.08956,0.20206,0.56324,0.8933,0.06428,0.05925,0.06174,0.07099,0.07518,0.37045,0.0748,0.16408,0.01858,0.00592,0.00522,0.0744,0.25651,0.64793,0.74352,0.37528,0.16499,0.89842,0.65386,0.17462,0.58317,0.67539,0.71356,0.56421
0.04224,0.04162,0.09951,0.31506,0.36953,0.89198,0.06847,0.05092,0.07812,0.09573,0.07906,0.24025,0.0481,0.09843,0.01442,0.00465,0.00543,0.03943,0.13997,0.22228,0.62446,0.45202,0.10295,0.92423,0.16209,0.63861,0.85687,0.78002,0.29529,0.13105
0.01074,0.001,0.04451,0.61177,0.2663,0.89638,0.0533,0.05374,0.08814,0.09716,0.07507,0.21669,0.01088,0.06356,0.00704,0.00173,0.00402,0.001,0.00724,0.04485,0.75154,0.41308,0.07126,0.98827,0,0.85728,0.8903,0.96951,0.10425,0.10411
0.16998,0.06826,0.03294,0.16911,0.37323,0.89856,0.05,0.05097,0.1,0.07403,0.01683,0.14767,0.001,0.001,0,0.00699,0.01536,0.001,0.08136,0.67059,0.49863,0.01764,0.37949,0.01988,0,0.58116,0.046,0.48613,0.69675,0.40197
0.001,0.00458,0.00352,0.17159,0.50155,0.89985,0.05581,0.05059,0.09421,0.09452,0.01392,0.45334,0.00203,0.00779,0.01999,0.00515,0.00825,0.04309,0.16559,0.48003,0.84255,0.14275,0.02482,1,0.74368,0.08565,0.09797,0.65609,0.81626,0.47802
0.09115,0.05389,0.02504,0.19188,0.43142,0.89495,0.0565,0.06079,0.09899,0.08225,0.09367,0.32577,0.19102,0.02911,0.01109,0.01434,0.0112,0.02428,0.0832,0.22465,0.24747,0.26678,0.23231,0.99568,0.60036,0.15691,0.19446,0.77687,0.87447,0.48006
0.08805,0.05825,0.06769,0.1964,0.48374,0.9,0.06285,0.0546,0.08714,0.08325,0.05757,0.3318,0.05962,0.06529,0.01882,0.00532,0.0086,0.04851,0.19667,0.83198,0.72458,0.95951,0.07307,0.94316,0.69604,0.19701,0.16109,0.63648,0.80861,0.47448
0.00545,0.01163,0.0971,0.06294,0.28736,0.89909,0.05083,0.05062,0.07424,0.05944,0.04754,0.001,0.001,0.001,0.00187,0.01877,0.01325,0.03876,0.72241,0.33307,0.89892,0.78252,0.05545,0.77811,0.85532,0,0.96009,0.30518,0.44385,0.37729
0.001,0.08978,0.08769,0.15809,0.46714,0.9,0.09895,0.05,0.09596,0.08275,0,0.59753,0.68932,0.07199,0.01778,0.00087,0.01359,0.02676,0.17786,0.17252,0.33788,0.58634,0.00533,0.86515,0.14574,0.68612,0.62385,0.16573,0.28097,0.91994
0.04796,0.02807,0.05094,0.19427,0.53767,0.89458,0.05756,0.06077,0.07203,0.07031,0.08601,0.31791,0.03896,0.11582,0.01978,0.00439,0.00702,0.04688,0.19436,0.39393,0.79272,0.34105,0.04743,0.96591,0.74237,0.048,0.62602,0.71815,0.77813,0.5838
0.04966,0.17848,0.16735,0.14829,0.51339,0.84239,0.10257,0.06344,0.06289,0.08663,0.07985,0.35442,0.68872,0.46006,0.01638,0.001,0.00656,0.03774,0.10559,0.10763,0.26441,0.89168,0.04327,0.92983,0.45616,0.77979,0.71363,0.88378,0.69749,0.90784
0.08982,0.10538,0.18468,0.28014,0.63249,0.89992,0.1193,0.05321,0.01393,0.02497,0.0202,0.37063,0.45736,0.44933,0.00063,0.01031,0.00985,0.02072,0.0404,0.04873,0.18017,0.83269,0.25692,0.41189,0.09769,0.88033,0.57662,0.69012,0.54221,0.6308
0.09363,0.12812,0.35951,0.17942,0.68172,0.87575,0.0515,0.09369,0.0321,0.02223,0.01461,0.71675,0.38775,0.36818,0.01582,0.00879,0.01291,0.001,0.001,0.001,0.07035,0.97792,0.16925,0.67423,0.20933,0.13222,0.22078,0.33275,0.7948,0.93009
0.02585,0.0778,0.12554,0.11349,0.54753,0.89373,0.06487,0.09063,0.02303,0.03077,0.04646,0.96505,0.89405,0.39069,0.01463,0.00138,0.00508,0.00495,0.07034,0.05575,0.17764,0.92366,0.04804,0.77191,0.59428,0.22053,0.36844,0.87004,0.84299,0.83957
0.0347,0.0332,0.07089,0.18948,0.51164,0.88112,0.05731,0.0588,0.04584,0.04564,0.06848,0.54532,0.44769,0.30258,0.01347,0.0134,0.0058,0.001,0.05671,0.07633,0.93777,0.81554,0.21919,0.93968,0.12817,0.79735,0.41506,0.96341,0.61142,0.89317
0.05618,0.1441,0.20046,0.10811,0.54443,0.84954,0.09417,0.05785,0.06745,0.08484,0.09637,0.33526,0.71768,0.40187,0.01564,0.0058,0.00661,0.001,0.04641,0.04118,0.18017,0.85564,0.00518,0.79151,0.46134,0.57372,0.70572,0.82176,0.7262,0.98739
0.00601,0.001,0.10865,0.12432,0.65627,0.88155,0.05672,0.05,0.07138,0.07561,0.1,0.74939,0.99509,0.13863,0.01279,0.01041,0.00478,0.001,0.001,0.001,0.06883,0.89105,0.23066,1,0.17224,0.59957,0.43409,1,0.62077,0.95547
0.0441,0.07407,0.12061,0.19912,0.53995,0.9,0.0648,0.069,0.0455,0.04588,0.04542,0.73947,0.64473,0.38378,0.01315,0.00162,0.01273,0.001,0.05387,0.06065,0.75089,0.98449,0.21344,0.84511,0.10173,0.73503,0.41635,0.79098,0.71645,0.89266
0.02584,0.1166,0.11656,0.15649,0.81467,0.88775,0.09108,0.06834,0.03497,0.05379,0.04915,0.7127,1,0.39306,0.0177,0.01025,0.00702,0.001,0.12487,0.10751,0.83068,0.12619,0.06063,0.54543,0.31259,0.58115,0.13963,0.65176,0.64557,0.45114
0.00186,0.0166,0.09288,0.16886,0.49743,0.89336,0.05463,0.06322,0.05335,0.04451,0.04073,0.74598,0.62191,0.40751,0.01243,0.01039,0.00177,0.001,0.00235,0.0367,0.87631,1,0.21066,0.89049,0.0997,0.75472,0.39831,0.72769,0.99846,0.99985
0.0799,0.16896,0.20965,0.10843,0.57069,0.86885,0.09008,0.06105,0.07014,0.09305,0.09296,0.42387,0.74526,0.36834,0.01628,0.00574,0.00652,0.00368,0.07595,0.04893,0.14728,0.92575,0.00192,0.76974,0.4611,0.49693,0.77312,0.83033,0.66193,0.9895
0.001,0.0708,0.06202,0.10623,0.82454,0.87633,0.06726,0.05091,0.04122,0.03504,0.05449,0.81281,0.72825,0.50656,0.01058,0.00144,0.00057,0.01879,0.0662,0.07709,0.84894,0.87488,0.15681,0.47306,0.48989,0.37774,0.18003,0.96293,0.55921,1
0.0164,0.02989,0.05686,0.22975,0.31059,0.88118,0.05777,0.05,0.05657,0.05546,0.08879,0.58194,0.29026,0.29872,0.01397,0.01553,0.00625,0.001,0.09993,0.10985,0.98696,0.63817,0.26961,0.88373,0.04072,0.75603,0.5687,1,0.81266,0.90934
0.06224,0.13202,0.17954,0.08519,0.72047,0.89762,0.09197,0.0572,0.03706,0.0556,0.05457,0.13821,0.30347,0.40266,0.01121,0.01593,0.0126,0.00236,0.05999,0.06032,0.34628,0.24625,0.1016,0.57545,0.22412,0.84091,0.32644,0.72166,0.64294,1
0.07401,0.16695,0.24905,0.17925,0.58908,0.866,0.07962,0.07202,0.02215,0.03687,0.03073,0.38539,0.72871,0.43501,0.01727,0.00139,0.00846,0.01123,0.05058,0.05139,0.47201,0.82141,0.12601,0.8302,0.37837,0.42185,0.57526,0.63477,0.82954,0.90482
0.02814,0.04791,0.1118,0.20217,0.50768,0.9,0.06213,0.0665,0.04729,0.04684,0.04946,0.7385,0.61875,0.40286,0.01415,0.00218,0.01306,0.00556,0.04702,0.0599,0.78619,1,0.21022,0.86059,0.119,0.7342,0.43462,0.79127,0.71895,0.87
0.06824,0.25434,0.19733,0.08345,0.85549,0.86756,0.11521,0.05212,0.01819,0.03819,0.03161,0.03033,0.31705,0.46022,0.00967,0.00007,0.01243,0.001,0.05144,0.04776,0.2955,0.28679,0.01004,0.68523,0.40555,0.42172,0.2379,0.67101,0.6766,0.50324
0.02525,0.10609,0.12802,0.16918,0.66463,0.88799,0.1116,0.0523,0.02421,0.0788,0.07301,0.6311,1,0.3665,0.01938,0.00466,0.01212,0.003,0.04785,0.06012,0.75162,0.71016,0.29211,0.43326,0.33592,0.58096,0.18111,0.7818,0.97365,0.54979
0.08267,0.16664,0.1848,0.12773,0.44606,0.88016,0.09116,0.05658,0.02681,0.01554,0.08605,0.08981,0.09484,0.32931,0.01276,0.0085,0.01491,0.001,0.07733,0.05932,0.50635,0.83202,0.11909,0.88062,0.38939,0.65833,0.32228,0.61161,0.52084,0.60557
0.03981,0.05428,0.13991,0.10682,0.67127,0.88388,0.06884,0.05,0.06371,0.0801,0.09359,0.69359,1,0.18944,0.0115,0.00981,0.00659,0.001,0.001,0.00956,0.13393,0.88095,0.22067,1,0.21917,0.57219,0.44788,1,0.11851,0.88256
0.09427,0.1074,0.20831,0.16438,0.8632,0.86663,0.08415,0.0633,0.04653,0.04526,0.07601,0.83977,1,0.26251,0.01093,0.01052,0.00968,0.001,0.001,0.001,0.32875,0.73953,0.15518,0.30884,0.23768,0.45998,0.48765,0.87891,0.68236,1
0.07559,0.11736,0.13284,0.21391,0.61198,0.87396,0.07791,0.06877,0.04075,0.04072,0.03644,0.69659,0.56691,0.4255,0.01362,0.01129,0.00422,0.00775,0.06722,0.05183,0.75457,0.87812,0.18992,0.79674,0.25135,0.74885,0.48102,0.82126,0.65264,0.95448
0.05674,0.2186,0.20758,0.14888,0.74374,0.8886,0.07539,0.05567,0.02086,0.04089,0.03771,0.56567,0.87792,0.37276,0.0191,0,0.00732,0.001,0.001,0.001,0.44136,0.83167,0.1507,0.86425,0.44113,0.3929,0.60139,0.65497,0.66479,0.82078
0.001,0.001,0.1072,0.125,0.863,0.88191,0.05998,0.05173,0.1,0.1,0.1,0.86852,0.9646,0.001,0.01522,0.01405,0.00855,0.001,0.001,0.001,0.17526,0.89429,0.2247,1,0.25947,0.56098,0.59028,1,0.77491,1
0.06122,0.1269,0.12934,0.1606,0.77855,0.85616,0.0787,0.06901,0.03818,0.0382,0.05583,0.84028,0.75213,0.50697,0.01309,0.00288,0.01333,0.03023,0.15789,0.16,0.7843,0.78617,0.2583,0.6538,0.10005,0.68242,0.17162,0.9113,0.58838,0.7911
0.01369,0.01675,0.07459,0.07805,0.69468,0.9,0.05093,0.05267,0.05454,0.04531,0.1,0.87612,0.98872,0.26778,0.01631,0.01168,0.00471,0.001,0.001,0.001,0,0.78832,0.16275,1,0.12073,0.48199,0.51092,1,0.74482,0.93373
0.02641,0.15415,0.17867,0.0773,0.75399,0.88702,0.09409,0.05746,0.02716,0.0491,0.04708,0.16831,0.36121,0.34999,0.01051,0.01931,0.01273,0.001,0.07772,0.03144,0.29869,0.28065,0.09472,0.58927,0.20458,0.78323,0.3179,0.65576,0.66008,0.94759
0.05551,0.09056,0.1397,0.14743,0.86818,0.88451,0.06164,0.0614,0.05795,0.06882,0.09946,0.57682,0.71263,0.23456,0.01372,0.00807,0.00636,0.001,0.01426,0.001,0.13015,0.79502,0.14286,0.93559,0.2652,0.39547,0.47768,0.96125,0.73103,0.93304
0.11077,0.16181,0.1616,0.22422,0.4653,0.88675,0.08426,0.05366,0.06209,0.04017,0.0611,0.61196,0.32112,0.35457,0.01495,0.00246,0.00649,0.01371,0.04724,0.08307,0.74117,0.62165,0.19765,0.8966,0.30427,0.63592,0.52704,0.80303,0.81424,0.94904
0.02433,0.12557,0.13073,0.16379,0.81668,0.88527,0.09495,0.07199,0.03816,0.0513,0.04754,0.70563,1,0.38857,0.01706,0.01931,0.01258,0.001,0.13825,0.10595,0.83263,0.12823,0.07203,0.108,0.33149,0.58328,0.11552,0.64539,0.61278,0.52172
0.18638,0.07738,0.13073,0.14679,0.52279,0.87606,0.07121,0.05984,0.04309,0.00643,0.08897,0.42748,0.1015,0.39825,0.01933,0.01234,0.01446,0.01439,0.05523,0.11069,0.71985,0.96493,0.0245,0.97777,0.11083,0.83089,0.36385,0.90896,0.77238,0.9368
0.06325,0.12576,0.15288,0.06738,0.63534,0.87788,0.0555,0.05384,0.04776,0.04313,0.07668,0.6289,1,0.33662,0.01598,0.01109,0.00983,0.01888,0.001,0.001,0,0.92862,0.29678,0.88299,0.0486,0.51204,0.43149,0.81891,0.68374,0.96703
0.03266,0.11486,0.13172,0.03176,0.63919,0.88213,0.05477,0.05167,0.04166,0.03628,0.07789,0.66888,1,0.33047,0.01714,0.01101,0.00942,0.0087,0.001,0.001,0,0.94673,0.26038,0.89413,0.01334,0.49317,0.41768,0.84007,0.69553,0.94119
0.03783,0.13982,0.215,0.12728,0.54347,0.85087,0.09629,0.05715,0.06521,0.08779,0.08843,0.38034,0.76997,0.40445,0.01571,0.00531,0.00716,0.001,0.04945,0.04403,0.16861,0.83833,0,0.75215,0.49204,0.56932,0.72159,0.82165,0.74215,1
0.001,0.09684,0.08641,0.11658,0.82613,0.87301,0.07144,0.05256,0.04287,0.04043,0.05926,0.76403,0.77787,0.50792,0.01211,0.00094,0.00068,0.001,0.1072,0.09411,0.83498,0.8444,0.15826,0.44543,0.45641,0.441,0.19382,0.98417,0.57405,0.99652
0.17947,0.10925,0.18507,0.19059,0.7039,0.9,0.05995,0.05215,0.07651,0.07231,0.1,0.83138,1,0.13195,0.01567,0.00884,0.00441,0.001,0.001,0.001,0.01533,0.82689,0.15858,1,0.13591,0.40071,0.49072,1,0.77184,1
0.03652,0.06067,0.11764,0.1742,0.59152,0.87873,0.05112,0.08187,0.01994,0.01924,0.03525,0.30596,0.73178,0.30092,0.01765,0.00098,0.0004,0.00861,0.01555,0.01129,0.14046,0.98636,0.55193,0.5799,0.75759,0.91525,0.24647,0.74742,0.92056,0.3081
0.001,0.001,0.05734,0.66237,0.34548,0.9,0.05,0.05332,0.06833,0.0512,0.07271,0.92214,0.38663,0.81424,0.0005,0.01514,0.00601,0.001,0.001,0.07941,0.63351,0.0739,0.56639,0.88285,0.31243,0.29339,0.42178,0.64725,0.62154,0.748
0.20635,0.08414,0.09543,0.22228,0.6852,0.9,0.05933,0.07949,0.05268,0.1,0.04644,0.61547,0.4209,0.001,0.00961,0.01449,0.0083,0.001,0.07159,0.04045,0.57196,0.53632,0.4131,1,0.56169,0.14652,0.34465,0.6594,0.75816,0.8953
0.02226,0.001,0.001,0.15777,0.79503,0.9,0.05268,0.05365,0.0535,0.1,0.05188,0.59419,0.24014,0.00359,0.00859,0.01527,0.00728,0.001,0.09567,0.1462,0.48091,0.37951,0.38677,1,0.60385,0.05818,0.37224,0.5611,0.79918,0.39369
0.07169,0.08043,0.1532,0.18367,0.32246,0.89634,0.07465,0.05961,0.03085,0.01657,0.02494,0.37453,0.65892,0.68797,0.00563,0.01079,0.00813,0.01242,0.004,0.001,0.18164,0,0.41251,0.82466,0.46353,0.6168,0.20888,0.21972,0.59069,0.52334
0.04583,0.01392,0.02283,0.23453,0.63212,0.89637,0.05,0.05,0.09402,0.1,0.03731,1,0.03215,0.001,0.01621,0.01034,0.00926,0.22495,0.56678,0.98452,0.68776,0.49935,0.23702,0.24414,0.33568,0.32362,0.87096,0.58428,0.37157,0.39122
0.02708,0.0498,0.03804,0.11661,0.71999,0.89903,0.06077,0.07249,0.06259,0.09553,0.05471,0.63448,0.33928,0.02551,0.00857,0.01451,0.00837,0.00919,0.0269,0.11033,0.49381,0.53914,0.27431,0.92813,0.51705,0.134,0.40984,0.56052,0.75055,0.48183
0.05314,0.10462,0.10645,0.14881,0.35579,0.9,0.07784,0.05,0.02863,0.07383,0.0645,1,0.18877,0.08198,0.00627,0.0086,0.00481,0.001,0.09006,0.17188,0.83272,0.03335,0.65572,0.55234,0.73951,0.81268,0.14127,0.5416,0.96116,0.24698
0.0132,0.001,0.001,0.12804,0.87983,0.9,0.05,0.05125,0.05892,0.1,0.0565,0.59728,0.21979,0.001,0.00795,0.01932,0.00825,0.001,0.04032,0.08839,0.44888,0.41435,0.37897,1,0.6184,0,0.30782,0.56517,0.83214,0.35127
0.04726,0.0516,0.12906,0.00495,0.44232,0.89385,0.05,0.05646,0.0152,0.03667,0.0147,0.001,0.00669,0.07681,0.00914,0.01957,0.01971,1,0.95069,0.22167,0.34739,0.08225,0.76844,0.28648,0.77344,1,0,0.99277,0.51128,0.79018
0.001,0.07803,0.09615,0.13189,0.76479,0.86307,0.07313,0.06002,0.02952,0.03037,0.00044,0.00846,0.07285,0.03118,0.01784,0.01503,0.01553,0.95933,0.85976,0.52112,0.47268,0.52723,0.08993,0.70358,0.00037,0.81495,0.15341,0.8409,0.43195,0.16333
0.01037,0.03109,0.05809,0.001,0.32879,0.9,0.05,0.05003,0.00417,0.03708,0,0.001,0.001,0.001,0.00981,0.01992,0.01283,1,0.97977,0.42563,0.71961,0,0,1,0.84392,1,0,0.29338,0.5274,0.9616
0.02474,0.05255,0.08599,0.001,0.63993,0.88441,0.05,0.05,0.01097,0.0224,0.01862,0.04841,0.001,0.00115,0.01979,0.01476,0.00887,0.90804,1,0.9041,0.1835,0.15448,0,0.98556,0.75751,0.11717,0.0932,0.97943,0.47347,0.64686
0.03984,0.04346,0.10422,0.34352,0.8099,0.8758,0.07866,0.06181,0.09036,0.0712,0.09163,0.73177,0.86492,0.91704,0.00998,0.01462,0.0195,0.03804,0.09735,0.09924,0.4312,0.11711,0.81032,0.75362,0.08115,0.58846,0.43692,0.68852,0.55534,0.55655
0.02718,0.05456,0.11072,0.04325,0.4026,0.89284,0.05149,0.05718,0.00768,0.04016,0.01523,0.02914,0.0492,0.0919,0.0139,0.01815,0.00969,0.85648,0.93105,0.29094,0.2448,0.06327,0.10376,0.28126,0.78776,0.9491,0.00989,0.98551,0.47256,0.70217
0.0826,0.20476,0.16594,0.14408,0.36265,0.88272,0.10188,0.05053,0.00758,0.01167,0.02907,0.8682,0.5314,0.72863,0.01893,0.00145,0.01413,0.01063,0.0477,0.09742,0.53889,0.49041,0.06483,0.7345,0.13373,0.4343,0.55155,0.79821,0.79467,0.62195
0.03893,0.05827,0.14799,0.001,0.50324,0.8985,0.05077,0.05,0.00129,0.00523,0.00689,0.08974,0.001,0.06713,0.01673,0.01363,0.01208,0.95239,0.68895,0.32724,0.75133,0.02234,0,0.27845,0.8969,0.85297,0.55926,0.51093,0.58113,0.03922
0.02804,0.05143,0.08552,0.02434,0.80613,0.886,0.0546,0.05563,0,0.03074,0.00607,0.12559,0.02909,0.07582,0.01493,0.0152,0.011,0.92392,0.95645,0.24484,0.38011,0.08737,0.12329,0.37593,0.84637,0.95198,0.12667,0.41182,0.49343,0.76494
0.0075,0.04908,0.095,0.01518,0.79824,0.89843,0.0607,0.05039,0.08983,0.06034,0.01244,0.35298,0.01361,0.01669,0.01489,0.0195,0.01088,0.90931,0.63279,0.34503,0.47201,0.98732,0.96769,0.4061,0.14199,0.01408,0.41988,0.16311,0.34828,0.58729
0.001,0.001,0.001,0.23997,0.56865,0.9,0.05,0.052,0.08775,0.01146,0.03579,0.001,0.001,0.001,0.00451,0.01001,0.01052,0.82436,0.1229,0.94988,0,0.69294,0.83947,0.26862,0,1,0.78763,0.87644,0.84303,0.82222
0.00432,0.01012,0.00745,0.19458,0.61278,0.8937,0.05288,0.05,0.00006,0.01099,0.00069,0.00235,0.01311,0.00859,0.01235,0.00946,0.01204,0.98578,0.17193,0.98838,0.04418,0.63359,0.82789,0.31525,0.01127,0.90945,0.52003,0.87728,0.77,0.68743
0.01918,0.03842,0.12183,0.001,0.89044,0.9,0.05,0.05,0.09282,0.05582,0.03049,0.23602,0.001,0.12719,0.01731,0.0183,0.01035,0.84328,0.5939,0.37917,0.72295,0.92165,0.99363,0.36484,0.24649,0.03402,0.28636,0.39997,0.46857,0.80426
0.02035,0.08936,0.06343,0.12599,0.51811,0.88505,0.06119,0.06712,0.01258,0.02104,0.03403,0.02911,0.0641,0.05021,0.00623,0.01103,0.00688,0.84972,0.16661,0.89228,0.22067,0.73738,0.66858,0.32604,0,0.89814,0.43266,0.80867,0.77314,0.74838
0.01748,0.04117,0.03659,0.14093,0.61035,0.88106,0.05589,0.05798,0,0.02526,0.04044,0.001,0.04395,0.02581,0.00472,0.01066,0.00817,0.89546,0.16374,0.99137,0.17121,0.72242,0.69118,0.3746,0,0.93407,0.39827,0.86962,0.79825,0.75572
0.01021,0.001,0.001,0.13133,0.49512,0.9,0.05046,0.05,0,0.00888,0,0.001,0.001,0.001,0.01224,0.01188,0.01171,1,0.17031,1,0,0.74824,0.90649,0.20078,0,1,0.58381,0.92918,0.85467,0.61279
0.02491,0.01037,0.09995,0.22773,0.73243,0.88748,0.05,0.05154,0,0.00601,0.09452,0.001,0.01483,0.13107,0.00526,0.00975,0.01114,1,1,1,0,0.67612,0.85263,0,0.7119,0.07934,0.54875,0.41269,0.79674,0.76333
0.001,0.001,0.001,0.28422,0.58486,0.87987,0.05,0.05488,0,0.02096,0.03952,0.00892,0.001,0.001,0.00701,0.00932,0.00809,0.89508,0.2227,0.96696,0,0.63404,0.658,0.45778,0.01581,1,0.52776,1,0.72123,0.74692
0.001,0.001,0.001,0.19577,0.57055,0.9,0.05,0.05,0,0.00615,0.03461,0.001,0.001,0.001,0.01923,0.01037,0.01046,1,0.12175,1,0,0.87335,0.82501,0.25846,0,1,0.89883,0.97501,0.86892,0.79765
0.02035,0.08936,0.06343,0.12599,0.51811,0.88505,0.06119,0.06712,0.01258,0.02104,0.03403,0.02911,0.0641,0.05021,0.00623,0.01103,0.0162,0.84972,0.16661,0.56224,0.22067,0.73738,0.66858,0.32604,0,0.89814,0.43266,0.80867,0.77314,0.74838
0.00999,0.01138,0.02476,0.19392,0.626,0.88903,0.05565,0.05317,0,0.011,0,0.00992,0.001,0.02674,0.01396,0.00882,0.01129,1,0.16072,1,0.08698,0.58282,0.82808,0.30803,0,0.80232,0.49637,0.90178,0.74973,0.73008
0.01239,0.001,0.00105,0.23427,0.63898,0.89909,0.05,0.05091,0.0115,0.00931,0.01104,0.001,0.001,0.001,0.017,0.01151,0.01343,0.99975,0.14284,1,0.03967,0.61635,0.92314,0.44004,0.00391,0.96477,0.59537,0.85047,0.77196,0.74613
0.01604,0.001,0.001,0.1225,0.71486,0.9,0.0539,0.05,0.01626,0.03684,0.01156,0.001,0.001,0.001,0.01332,0.01183,0.0113,0.93522,0.10399,0.80346,0.09825,0.56196,0.77429,0.25608,0.0222,0.91814,0.72687,0.88648,0.86877,0.65839
0.01392,0.001,0.001,0.13224,0.51017,0.89904,0.05,0.05,0,0.00889,0.03173,0.001,0.001,0.001,0.00975,0.01296,0.01089,1,0.18194,1,0,0.78831,0.95978,0.13443,0,1,0.64678,1,0.88738,0.60606
0.04112,0.04433,0.03953,0.19475,0.61748,0.88714,0.05438,0.05512,0.06559,0.03068,0.03666,0.01942,0.04213,0.01148,0.00413,0.01022,0.00871,0.31201,0.16554,0.99698,0.15695,0.74332,0.75782,0.42557,0.49329,0.91123,0.43405,0.82525,0.71619,0.77479
0.00354,0.01834,0.10837,0.03881,0.85648,0.9,0.05,0.05,0.09089,0.04963,0.02869,0.23539,0.001,0.12688,0.01636,0.01805,0.011,0.9421,0.64833,0.38808,0.62613,0.91882,1,0.39359,0.13394,0.03896,0.30586,0.43311,0.35498,0.82286
0.01169,0.02485,0.02269,0.18289,0.64184,0.89666,0.05442,0.05171,0.00852,0.01133,0.01234,0.01855,0.02755,0.002,0.01074,0.01171,0.01348,0.99356,0.17417,0.93972,0.03203,0.70064,0.82327,0.33514,0.02844,1,0.59221,0.88024,0.80406,0.69713
0.02571,0.07991,0.12384,0.04774,0.77003,0.8952,0.06069,0.05737,0.0813,0.0478,0.03552,0.30636,0.04569,0.11222,0.01879,0.01924,0.00992,0.95504,0.55037,0.29719,0.62126,0.9441,0.923,0.41021,0.24293,0.04727,0.31609,0.44326,0.49996,0.64333
0.01429,0.02586,0.05378,0.05653,0.75371,0.89432,0.05416,0.05425,0.08779,0.07028,0.02967,0.40313,0.02935,0.05507,0.01774,0.01774,0.00709,0.94117,0.66714,0.29865,0.61302,0.92912,0.8962,0.42038,0.23124,0.10885,0.38184,0.45697,0.47527,0.10335
0.001,0.001,0.001,0.12559,0.65728,0.9,0.05,0.05,0.01322,0.01458,0.00618,0.001,0.001,0.001,0.01261,0.01523,0.01463,0.21864,0.19282,1,0.00692,0.75349,0.93002,0.40134,0,1,0.64303,1,0.83303,0.68119
0.00237,0.001,0.00904,0.16927,0.6231,0.9,0.05,0.0516,0.0109,0.01486,0.01363,0.00825,0.001,0.001,0.01116,0.01161,0.01278,0.20914,0.17009,0.97053,0.02122,0.71841,0.82094,0.33997,0.00748,1,0.61579,0.94617,0.8006,0.70153
0.0271,0.05148,0.12256,0.05479,0.73367,0.8999,0.05461,0.05008,0.02849,0.05288,0.05528,0.13644,0.40799,0.51583,0.00129,0.00835,0.01039,0.001,0.00767,0.02185,0.17897,0.21945,0.51003,0.35922,0.13604,0.21451,0.02224,0.37245,0.91407,0.45984
0.00864,0.01792,0.08421,0.25969,0.96899,0.9,0.05985,0.05,0.07813,0,0.0017,0.00811,0.001,0.001,0.00669,0.01222,0.00877,0.4262,0.42115,0.87871,0.25246,0.46818,0.79026,0.35855,1,0.04764,0.74759,0.3831,0.80376,0.3424
0.07605,0.09787,0.15116,0.10411,0.78142,0.9,0.05396,0.05,0.02688,0.06512,0.04957,0.82436,0.07884,0.108,0.00065,0.01807,0.01318,0.01692,0.04403,0.00994,0.44807,0,0.6485,0.31221,0.0275,0.43987,0.11241,0.28844,0.61671,0.26785
0.07941,0.14935,0.18554,0.13241,0.54114,0.88927,0.05735,0.06647,0.01871,0.05387,0.04335,0.50305,0.78105,1,0,0.01217,0.02,0.001,0.03746,0.001,0.27525,0.74148,0,0.32622,0.47573,0.81673,0,0.47931,0.792,0.8861
0.10784,0.15283,0.21393,0.13511,0.58059,0.88119,0.07341,0.06764,0.01018,0.01926,0.02452,0.19609,0.74531,0.88773,0.00144,0.00816,0.01973,0.00108,0.09761,0.06622,0.67485,0.80088,0.13794,0.79801,0.57024,0.76778,0.04486,0.48776,0.87198,0.84373
0.07967,0.08141,0.11158,0.00639,0.78019,0.9,0.0504,0.05032,0.05922,0.07545,0.08085,0.85324,0.001,0.03524,0,0.01944,0.01004,0.18959,0.20908,0.12907,0.48297,0.01094,0.69618,0.33273,0.14188,0.44312,0.23525,0.13199,0.36427,0.35328
0.03776,0.1832,0.16821,0.03013,0.61228,0.88516,0.05,0.05536,0.03599,0.04169,0.04327,0.96878,0.7185,0.7957,0.01012,0.01333,0.00656,0.001,0.001,0.001,0.52327,0.08924,0.85939,0.79343,0.26257,0.61683,0.06247,0.69663,0.89562,0.95591
0.001,0.001,0.04552,0.2526,1,0.8814,0.05519,0.05734,0.1,0,0,0.001,0.001,0.001,0.00644,0.00869,0.00771,0.43109,0.34295,1,0.0887,0.27717,0.78345,0.1941,1,0,0.8169,0.27621,0.92251,0.54616
0.001,0.03048,0.07926,0.23867,0.87868,0.88417,0.07366,0.06053,0.1,0.06579,0.03423,0.001,0.001,0.05559,0.00826,0.01658,0.01722,0.51322,0.5401,0.97105,0.28694,0.20393,0.56773,0.00449,0.56942,0.628,0.53906,0.6677,0.97168,0.98358
0.35221,0.59513,0.22867,0.1609,0.47248,0.86714,0.08374,0.05986,0.00538,0.00702,0.01826,0.85607,0.74876,0.97302,0,0.00905,0.00974,0.001,0.02383,0.03593,0.19654,0.83283,0.00465,0.62823,0.42478,0.78748,0,0.49955,0.7126,0.98506
0.001,0.001,0.07784,0.23271,0.9897,0.88753,0.05296,0.05735,0.09469,0,0.01158,0.001,0.001,0.01945,0.00937,0.01021,0.00804,0.28732,0.34927,0.72023,0.22126,0.26953,0.77726,0.31531,0.9283,0,0.64852,0.39256,0.94795,0.44235
0.02519,0.07552,0.18099,0.15257,0.56053,0.89054,0.06159,0.06673,0.03133,0.04642,0.04658,0.41721,0.63666,1,0,0.01177,0.02,0.001,0.001,0.001,0.21573,0.83243,0,0.29445,0.48146,0.6605,0.00316,0.48834,0.95456,0.83395
0.05783,0.12411,0.1677,0.14693,0.5765,0.88766,0.06248,0.06652,0.02446,0.03683,0.03858,0.43661,0.65302,1,0,0.0122,0.02,0.001,0.001,0.001,0.20548,0.83317,0,0.35391,0.54045,0.7435,0,0.44802,0.90949,0.81363
0.001,0.01348,0.04626,0.0318,0.72364,0.89855,0.05,0.05209,0.09689,0.08194,0.09262,0.19852,0.00446,0.07412,0.00178,0.01789,0.01173,0.72582,0.88544,0.89532,0.81652,0.07334,0.79992,0.0692,0.86169,0.54176,0.54398,0.57275,0.48018,0.92275
0.01571,0.09207,0.08923,0.11552,0.59017,0.89933,0.07958,0.0507,0.03786,0.02351,0.00948,0.01759,0.09264,0.09055,0.00166,0.0115,0.00777,0.8145,0.55741,0.5354,0.34263,0.83613,0.82368,0.25051,0.50519,0.36602,0.01139,0.95366,0.57863,0.30008
0.0724,0.19922,0.16862,0.04847,0.69366,0.89688,0.05042,0.05075,0.00664,0.04294,0.04205,0.5559,0.43252,0.72856,0.00007,0.00295,0.01281,0.001,0.00241,0.01592,0.32424,0.32712,0.37861,0.40259,0.37896,0.40647,0,0.35352,0.87668,0.50457
0.07803,0.74634,0.2143,0.15374,0.46779,0.85993,0.07827,0.06355,0.02715,0.02764,0.05624,0.9581,0.80939,0.8828,0.0023,0.00882,0.00789,0.0149,0.01862,0.02746,0.02198,0.68493,0.18728,0.81963,0.50797,0.70408,0.02163,0.59401,0.63157,0.94065
0.04437,0.09067,0.14227,0.09188,0.81287,0.89814,0.06479,0.05777,0.04523,0.01514,0.01662,0.68665,0.3383,0.74066,0.0011,0.01033,0.01198,0.001,0.01217,0.001,0.19694,0.01489,0.44748,0.51095,0.30976,0.20572,0.17767,0.68096,0.7192,0.55496
0.001,0.03851,0.09649,0.09334,0.73972,0.9,0.05437,0.05434,0.08469,0.03283,0.05191,0.67373,0.50418,0.63156,0.00012,0.00862,0.01345,0.0042,0.03163,0.02151,0.23249,0.05195,0.43627,0.37497,0.2039,0.1336,0.02606,0.6308,0.54343,0.51332
0.02723,0.04345,0.09983,0.13252,0.86418,0.9,0.05048,0.05,0.0983,0.05782,0.04834,0.75795,0.00177,0.001,0.00068,0.01703,0.0105,0.001,0.001,0.001,0.42193,0,0.63676,0.26006,0.06633,0.39104,0.00479,0.25749,0.56101,0.1931
0.01291,0.07639,0.13036,0.12701,0.84602,0.89656,0.05562,0.05022,0.09917,0.04724,0.05117,0.76806,0.28457,0.62364,0.00662,0.0198,0.01068,0.0034,0.00303,0.00493,0.1922,0.01808,0.42579,0.33456,0.09419,0.32822,0.01223,0.28928,0.62786,0.5217
0.01413,0.08731,0.08689,0.11117,0.59119,0.89965,0.07789,0.05029,0.03836,0.02349,0.00889,0.01191,0.0834,0.09174,0.00902,0.01154,0.00791,0.81201,0.5612,0.5311,0.34246,0.84014,0.80876,0.24559,0.96513,0.3692,0.00865,0.96345,0.57617,0.29669
0.00887,0.01974,0.09158,0.22438,0.90954,0.89762,0.05996,0.0502,0.07717,0.00876,0.01847,0.001,0.00272,0.04291,0.00713,0.01331,0.0087,0.36744,0.47554,0.74551,0.25761,0.44254,0.81727,0.40408,0.91005,0.11463,0.78906,0.38064,0.81204,0.39166
0.001,0.001,0.05261,0.23305,0.94817,0.89892,0.05885,0.05,0.07596,0.00279,0.00813,0.001,0.001,0.001,0.00967,0.01192,0.0096,0.41282,0.47684,0.77429,0.19585,0.42359,0.87892,0.3207,1,0.06096,0.79998,0.39357,0.83762,0.3396
0.0391,0.07322,0.11515,0.001,0.4898,0.89601,0.05,0.05765,0.02256,0.08142,0.08151,0.20454,0.001,0.15006,0.00991,0.01274,0.01344,0.49796,0.17822,0.31765,0.50769,0.89764,0.61731,0.12596,0.88422,0.73254,0.68523,0.6248,0.70589,0.9501
0.05553,0.09693,0.16157,0.001,0.6354,0.88784,0.05,0.05221,0.06981,0.06936,0.08003,0.69985,0.001,0.001,0,0.01705,0.01027,0.16087,0.19183,0.11144,0.50899,0.06498,0.66831,0.24445,0.04762,0.55224,0.15789,0.1698,0.52832,0.52676
0.00977,0.03456,0.07464,0.03865,0.69808,0.89933,0.05668,0.05562,0.07369,0.00206,0.02938,0.01559,0.01999,0.05735,0.01066,0.01812,0.01046,0.52068,0.38815,0.96846,0.77285,0.21582,0.97408,0.85778,0.1717,0.39086,0.39364,0.35453,0.36847,0.79098
0.32885,0.56007,0.22685,0.16163,0.47199,0.86952,0.08453,0.05919,0.00967,0.01292,0.02193,0.82677,0.71719,0.93243,0.00059,0.00869,0.01029,0.01641,0.04401,0.05003,0.22328,0.81675,0.05001,0.62945,0.41664,0.77751,0.05017,0.50125,0.70158,0.98306
0.08183,0.10307,0.18946,0.13966,0.54371,0.88922,0.05,0.07157,0.00992,0.06812,0.04108,0.58907,0.52156,0.39166,0.00211,0.01821,0.00879,0.001,0.02763,0.03487,0.47024,0.33583,0.64373,0.89817,0.0018,0.62057,0.2254,0.57447,0.64254,0.40647
0.02867,0.04415,0.10906,0.10798,0.78888,0.89995,0.05045,0.0509,0.04652,0.059,0.05323,0.71015,0.13608,0.07305,0.00207,0.0181,0.01249,0.00806,0.01139,0.00976,0.40436,0.01831,0.68442,0.11828,0.06864,0.28247,0.04746,0.28128,0.5167,0.30995
0.08206,0.08997,0.13199,0.27552,0.49251,0.89289,0.06985,0.06415,0.01149,0.02981,0.04424,0.65024,0.2633,0.53784,0.01232,0.00505,0.01082,0.01987,0.058,0.04898,0.57137,0.5721,0.4989,0.91873,0.20593,0.59686,0.36601,0.74777,0.39792,0.84689
0.05713,0.17257,0.19158,0.07059,0.67908,0.86578,0.06841,0.06269,0.00979,0.01554,0.02051,0.50354,0.67846,1,0.01343,0.00709,0.02,0.001,0.001,0.001,0.34801,0.73218,0,0.58282,0.50914,0.69558,0.94963,0.41659,0.57838,1
0.01289,0.08609,0.07663,0.11794,0.59788,0.89845,0.07933,0.05061,0.00623,0.0263,0.01762,0.00649,0.06243,0.06167,0.01063,0.01213,0.00863,0.84998,0.58286,0.53835,0.33656,0.8927,0.82669,0.27064,0.96261,0.2581,0.02346,0.9581,0.58338,0.29044
0.01166,0.03244,0.07555,0.03487,0.62378,0.9,0.0565,0.05249,0.0586,0,0.02246,0.001,0.03669,0.09108,0.01059,0.01786,0.00991,0.5983,0.43096,1,0.86223,0.31276,0.28978,0.90179,0,0.50879,0.27728,0.45624,0.24139,0.72765
0.14491,0.30917,0.18264,0.10726,0.47676,0.86698,0.05366,0.06191,0.02278,0.04743,0.09211,0.31231,0.01655,0.29818,0.00036,0.00553,0.01023,0.01647,0.04531,0.07969,0.28931,0.84193,0.1307,0.78779,0.05639,0.74895,0.13281,0.46488,0.50554,0.82588
0.04883,0.07688,0.2198,0.1897,0.62524,0.87365,0.05122,0.06549,0.03281,0.0193,0.03488,0.23608,0.95703,0.53311,0.00013,0.0099,0.01281,0.01697,0.00925,0.01073,0.00506,0.56751,0.14757,0.35491,0.31431,0.17355,0.23152,0.59561,0.86549,0.27294
0.02187,0.08985,0.09083,0.04907,0.47611,0.9,0.06396,0.05,0.05087,0.0404,0.02465,0.05128,0.001,0.05296,0.00452,0.01417,0.01099,0.78913,0.51778,0.46029,0.6128,0.95467,0.9005,0.43101,0.57625,0.409,0,0.8926,0.46598,0.51299
0.01274,0.02688,0.06599,0.05121,0.64009,0.9,0.05436,0.05422,0.05882,0.00049,0.02003,0.01058,0.02161,0.0452,0.01273,0.01781,0.00942,0.56762,0.44646,1,0.88941,0.24063,0.23874,0.96922,0,0.46894,0.25674,0.45014,0.22228,0.7335
0.001,0.001,0.05401,0.25589,0.97367,0.8999,0.05395,0.05077,0.08477,0.00382,0.01436,0.00361,0.00223,0.001,0.00888,0.01048,0.00865,0.45348,0.41474,0.89231,0.27786,0.48253,0.84071,0.39,0.97249,0.06855,0.78104,0.35396,0.7951,0.36219
0.07788,0.08607,0.13597,0.13898,0.76152,0.89739,0.05881,0.05243,0.0508,0.05786,0.05702,0.65377,0.03972,0.02774,0.00166,0.01706,0.01051,0.00699,0.00498,0.03523,0.4115,0.01496,0.54619,0.34303,0.05727,0.32639,0.02617,0.22035,0.63908,0.2182
0.02296,0.01288,0.09305,0.22327,0.91741,0.88514,0.05845,0.06078,0.08247,0,0.0148,0.02646,0.01977,0.05859,0.00945,0.00882,0.00812,0.39637,0.35234,0.81923,0.18992,0.35184,0.7097,0.3325,0.89705,0.06829,0.8139,0.34782,0.90339,0.53486
0.01076,0.01191,0.05892,0.23899,0.9799,0.9,0.05551,0.05,0.0871,0,0.00535,0.001,0.00405,0.001,0.00733,0.01134,0.00856,0.45409,0.44251,0.90042,0.2936,0.44372,0.88126,0.43047,0.95462,0.02975,0.74205,0.29619,0.72036,0.3721
0.001,0.001,0.03795,0.25721,1,0.9,0.05358,0.0701,0.09776,0.03848,0.0056,0.001,0.001,0.001,0.00896,0.01293,0.01119,0.50679,0.51295,0.95381,0.45415,0.38852,0.88556,0.42214,1,0,0.86182,0.42959,0.9074,0.51278
0.03111,0.07773,0.1871,0.14451,0.55915,0.89155,0.06068,0.06806,0.02583,0.0455,0.0781,0.44237,0.68837,1,0,0.01221,0.02,0.001,0.001,0.001,0.21527,0.8506,0,0.31782,0.46246,0.63571,0,0.4805,1,0.86774
0.05433,0.12982,0.17967,0.18589,0.81937,0.89725,0.06343,0.05132,0.03552,0.04446,0.04986,0.73617,0.10988,0.0848,0,0.01571,0.01346,0.001,0.04298,0.02465,0.28177,0.06408,0.65474,0.3156,0.0812,0.25651,0.17114,0.30151,0.56731,0.25579
0.01257,0.0846,0.07414,0.12079,0.60916,0.89838,0.07937,0.05042,0.00681,0.02611,0.07943,0.01177,0.06638,0.05533,0.01052,0.01245,0.00811,0.84822,0.5795,0.53289,0.33514,0.87793,0.42805,0.26147,0.07895,0.2603,0.02544,0.94768,0.57842,0.29158
0.001,0.01634,0.0691,0.27899,0.56618,0.82111,0.07558,0.09022,0.05973,0.1,0.03005,0.89934,0.001,0.04672,0.01266,0.00277,0.00757,0.01136,0.01919,0.07712,0.35471,0.8063,0.05466,0.32299,0.12626,0.26757,0.40998,0.90397,1,0.86115
0.04811,0.09665,0.11189,0.15715,0.51868,0.86358,0.06692,0.06851,0.01959,0.08627,0.04921,0.21203,0.0978,0.0753,0.013,0.00335,0.00759,0.03961,0.12483,0.22218,0.44132,0.9442,0.14824,0.89922,0.48329,0.17352,0.81962,0.93889,0.93003,0.09081
0.0461,0.03176,0.11709,0.31869,0.56501,0.82376,0.07148,0.07801,0.04207,0.09029,0.03095,0.77353,0.04637,0.11246,0.01336,0.00195,0.00751,0.001,0.04175,0.08786,0.40843,0.7491,0.10755,0.39441,0.17188,0.26159,0.39034,0.88318,0.9658,0.73379
0.00797,0.00809,0.03047,0.29156,0.53611,0.84991,0.06039,0.05,0.06259,0.1,0.04071,0.85462,0.01568,0.03209,0.01392,0.00186,0.00689,0.001,0.001,0.06104,0.41259,0.67085,0.02363,0.29071,0.26455,0.2088,0.36385,0.98961,0.97901,0.90264
0.08616,0.12094,0.11315,0.1622,0.57258,0.84414,0.07688,0.05875,0.02017,0.09611,0.04942,0.31497,0.55814,0.04139,0.01416,0.0036,0.01045,0.03886,0.12912,0.17872,0.61348,0.93813,0.18521,0.86173,0.43339,0.25855,0.66267,0.88246,0.92337,0.08312
0.001,0.02409,0.07893,0.19015,0.557,0.86192,0.06841,0.06611,0.07739,0.09356,0.04274,0.71383,0.05172,0.03824,0.01001,0.00359,0.00485,0.04431,0.23503,0.267,0.27573,0.83808,0.09785,0.25191,0.61901,0.06907,0.42663,1,0.65706,0.0117
0.0461,0.03176,0.11709,0.31869,0.56501,0.82376,0.07148,0.07801,0.04207,0.04816,0.03095,0.77353,0.04637,0.11246,0.01336,0.00195,0.00751,0.001,0.04175,0.08786,0.40843,0.7491,0.10755,0.39441,0.17188,0.26159,0.39034,0.88318,0.9658,0.73379
0.02008,0.06107,0.15034,0.24385,0.51139,0.8294,0.07666,0.06141,0.03991,0.09638,0.03155,0.79312,0.03306,0.15662,0,0.00227,0.00838,0.001,0.04063,0.0378,0.40265,0.73322,0.10387,0.41797,0.1779,0.24224,0.32225,0.90138,0.55072,0.68707
0.001,0.00583,0.04331,0.23283,0.49074,0.85757,0.06927,0.06481,0.09463,0.09382,0.05406,0.66678,0.01383,0.06059,0.00988,0.00504,0.00595,0.04246,0.27847,0.21531,0.32841,0.83341,0,0.35597,0.65539,0.02071,0.41528,0.91077,0.7993,0.04543
0.02738,0.00755,0.0928,0.34111,0.49296,0.83028,0.07605,0.08571,0.06591,0.09594,0.03898,0.79088,0.001,0.08198,0.01234,0.00125,0.00802,0.01896,0.03718,0.07074,0.39808,0.78676,0.07379,0.32696,0.1491,0.22598,0.34542,0.92358,0.97026,0.88245
0.001,0.001,0.02416,0.28065,0.49976,0.83782,0.0547,0.06836,0.08195,0.1,0.04743,0.90571,0.001,0.001,0.01534,0.002,0.00486,0.00322,0.0268,0.001,0.44967,0.87314,0.0112,0.04889,0.18362,0.25719,0.33401,0.93425,0.89656,0.93101
0.001,0.001,0.02362,0.26102,0.49497,0.83928,0.05822,0.06772,0.08211,0.1,0.04856,0.9287,0.001,0.001,0.0152,0.00205,0.00458,0.001,0.01877,0.001,0.46278,0.88273,0.04172,0.04902,0.17273,0.2529,0.34174,0.93121,0.90614,0.9092
0.00682,0.04969,0.1113,0.22357,0.53702,0.85204,0.07404,0.07523,0.07545,0.07602,0.03923,0.67685,0.06752,0.14538,0.01053,0.00367,0.00543,0.04599,0.21295,0.26948,0.31627,0.82803,0.1548,0.26437,0.70802,0.12397,0.46002,0.92922,0.6112,0.02306
0.04249,0.0402,0.07674,0.29036,0.49203,0.86492,0.06713,0.08132,0.03473,0.06906,0.07067,0.32725,0.13514,0.17328,0.01233,0.00842,0.00707,0.03101,0.13453,0.20128,0.37294,0.81216,0.35753,0.96752,0.45705,0.24982,0.71899,0.90692,0.74885,0.27525
0.07463,0.0801,0.13946,0.26025,0.51172,0.85269,0.06682,0.08394,0.04238,0.09262,0.03023,0.73526,0.10753,0.12818,0.01333,0.0021,0.00734,0.00635,0.05465,0.11872,0.4548,0.76163,0.12388,0.42095,0.28185,0.2055,0.33926,0.89848,0.96228,0.60738
0.03199,0.10893,0.11491,0.14781,0.51397,0.87099,0.06774,0.07091,0.0192,0.08285,0.04191,0.19118,0.14611,0.09789,0.01349,0.00327,0.00706,0.02309,0.1396,0.18966,0.40532,0.92223,0.15141,0.9064,0.47675,0.19754,0.83663,0.94395,0.94991,0.09299
0.01098,0.048,0.09282,0.01155,0.29869,0.88267,0.05272,0.0685,0.05647,0.09619,0.0576,0.9607,0.36699,0.83597,0.00515,0.00585,0.00094,0.01002,0.04106,0.05709,0.52883,0.98382,0.03901,0.66961,0.14331,0.38358,0.03126,0.96432,0.99524,0.10115
0.02754,0.0395,0.11697,0.24926,0.57111,0.8549,0.07096,0.07383,0.08451,0.09098,0.04634,0.65663,0.05431,0.08527,0.01158,0.00415,0.00629,0.05318,0.21021,0.23358,0.29131,0.89648,0.10878,0.24699,0.75739,0.07865,0.45275,0.96876,0.70124,0.06471
0.00411,0.02262,0.04672,0.21964,0.4941,0.87751,0.06998,0.07335,0.09253,0.09475,0.06119,0.18936,0.04901,0.05386,0.0111,0.00693,0.00549,0.04748,0.27955,0.15669,0.41231,0.91545,0.12671,0.3321,0.62996,0.05051,0.42387,0.90056,0.82596,0.11624
0.05807,0.07285,0.15403,0.2861,0.5098,0.83591,0.07801,0.07685,0.03376,0.05582,0.026,0.69539,0.07568,0.15852,0.01367,0.00233,0.00809,0.01182,0.05399,0.08843,0.44037,0.715,0.1664,0.43482,0.17949,0.23959,0.40142,0.8966,0.92011,0.68121
0.03118,0.01487,0.02928,0.19718,0.39701,0.89078,0.06697,0.05175,0.09231,0.1,0.07726,0.77527,0.02446,0.01776,0.00914,0.00404,0.00741,0.02435,0.14144,0.18588,0.32493,0.97457,0,0.34864,0.62242,0.06914,0.50917,0.88937,1,0.09027
0.0541,0.04316,0.12258,0.334,0.55541,0.83229,0.07296,0.106,0.04353,0.08833,0.03248,0.73968,0.06372,0.11333,0.0125,0.00181,0.00669,0.01346,0.06599,0.10166,0.42054,0.73549,0.1181,0.40831,0.20423,0.25697,0.3994,0.89241,0.95227,0.7226
0.04905,0.12834,0.14228,0.03229,0.39517,0.87448,0.0592,0.05211,0.03451,0.1,0.05867,0.97937,0.07553,0.001,0.01538,0.00713,0.01573,0.001,0.06898,0.05279,0.45849,1,0,0.60833,0.28434,0.39332,0.20417,0.92091,1,0.46947
0.04054,0.06298,0.06397,0.19589,0.33902,0.86324,0.05101,0.05053,0.09854,0.0302,0.08834,0.82584,0.02493,0.01291,0.01826,0.00203,0.00669,0.03681,0.08122,0.90151,0.58718,0.96418,0.12936,0.77206,0.58567,0.86335,0.44507,0.80532,0.97469,0.28954
0.04302,0.03486,0.09422,0.15392,0.30743,0.88045,0.0548,0.05,0.09476,0.09598,0.09029,0.89004,0.03783,0.10206,0.018,0.00284,0.00689,0.05613,0.1673,0.48988,0.58112,0.89602,0.10612,0.41938,0.64237,0.90753,0.41333,0.8921,0.91689,0.24976
0.05168,0.0383,0.09143,0.22406,0.57867,0.89078,0.0572,0.05279,0.1,0.1,0.0478,0.67911,0.04356,0.03944,0.01085,0.00932,0.00882,1,0.25386,0.22129,0.3687,0.13874,0.49238,0.1753,0.84308,0.05488,0.55366,0.58601,0.24883,0.80271
0.08363,0.07041,0.09378,0.24118,0.75298,0.9,0.06176,0.08296,0.09765,0.09125,0.09549,0.001,0.01909,0.04337,0.01194,0.00591,0.00276,0.001,0.05077,0.06144,0.44657,0.95472,0.28865,0.41333,0.00776,0,0.30277,0.53055,0.19211,0.95818
0.001,0.001,0.13437,0.32321,0.9901,0.87359,0.0802,0.09218,0,0.05121,0.04684,0.001,0.8524,0.78981,0.00569,0,0.01,0.001,0.001,0.001,0.20399,0.88657,0.77721,0.80124,0.22532,0,0.69552,0.99393,0.57757,1
0.04538,0.07551,0.08581,0.21076,0.34369,0.86528,0.05106,0.05357,0.08806,0.09365,0.07895,0.70401,0.13909,0.13308,0.01717,0.0025,0.00683,0.02517,0.08314,0.48514,0.53177,0.92522,0.17972,0.40467,0.56332,0.8248,0.49721,0.78032,0.96979,0.26853
0.001,0.01136,0.13688,0.3204,0.94964,0.87576,0.08131,0.08908,0.00539,0.05154,0.04906,0.001,0.82712,0.75438,0.00602,0,0.01027,0.001,0.001,0.001,0.22153,0.85718,0.75785,0.75852,0.27428,0,0.67422,0.97041,0.58579,1
0.04042,0.06298,0.06397,0.20397,0.7386,0.86324,0.05101,0.05606,0.09854,0.09909,0.06283,0.82584,0.02493,0.07796,0.01826,0.00201,0.00683,0.03584,0.08122,0.40349,0.5843,0.92457,0.12936,0.97637,0.59161,0.86335,0.44507,0.80532,0.98803,0.71312
0.01664,0.05052,0.06545,0.18379,0.35724,0.87319,0.05,0.05405,0.1,0.09459,0.08525,0.75656,0.12688,0.08332,0.01953,0.00233,0.00713,0.03629,0.09802,0.45659,0.55963,1,0.13449,0.35623,0.76335,0.86627,0.50901,0.77322,0.96839,0.25081
0.02972,0.04949,0.04427,0.18502,0.28772,0.87155,0.05,0.05,0.0969,0.09653,0.08956,0.7573,0.09603,0.04406,0.01659,0.00139,0.00595,0.001,0.06679,0.41694,0.2058,0.88009,0.1474,0.41379,0.65604,0.86948,0.43269,0.84424,0.99216,0.20843
0.02994,0.0846,0.08703,0.21832,0.40473,0.86606,0.0647,0.05657,0.0807,0.07791,0.0706,0.7125,0.21798,0.13593,0.01606,0.001,0.00585,0.0858,0.12977,0.4461,0.56595,0.89179,0.22628,0.45436,0.62505,0.81883,0.47588,0.77147,0.83963,0.42897
0.00875,0.04828,0.04281,0.16607,0.35501,0.87663,0.05,0.06305,0.09678,0.0871,0.09427,0.75015,0.14146,0.03384,0.01845,0.003,0.00898,0.001,0.05413,0.36182,0.58627,1,0.12664,0.45491,0.53944,0.75972,0.46496,0.74588,1,0.29705
0.02901,0.0453,0.03943,0.18697,0.29472,0.87111,0.05003,0.05057,0.09531,0.09549,0.08797,0.72973,0.0842,0.05063,0.01668,0.00105,0.00563,0.001,0.04474,0.41716,0.18083,0.85258,0.14623,0.47139,0.64707,0.89552,0.46525,0.85623,1,0.20116
0.05694,0.08961,0.08403,0.20218,0.32849,0.86125,0.05,0.05091,0.0962,0.09859,0.08406,0.77134,0.09132,0.07653,0.01656,0.00204,0.00596,0.03999,0.0911,0.42059,0.57315,0.99841,0.19404,0.45438,0.57049,0.84028,0.42961,0.82401,1,0.30802
0.09769,0.06874,0.23708,0.34928,0.74969,0.86582,0.09426,0.0941,0.01839,0.0292,0.04246,0.39157,0.44813,0.6009,0.00436,0.00773,0.00851,0.001,0.04391,0.001,0.0932,0.08796,0.73464,0.59647,0.32788,0.03158,0.57587,0.59595,0.77967,0.96132
0.02505,0.02116,0.03104,0.16244,0.30313,0.87076,0.05,0.05,0.1,0.1,0.1,0.73959,0.001,0.00667,0.01905,0.00341,0.00759,0.01392,0.06665,0.29744,0.58067,1,0.05597,0.40313,0.60138,0.93294,0.30827,0.88486,0.98743,0.163
0.02374,0.07819,0.08044,0.13804,0.61894,0.89377,0.06776,0.05156,0.09474,0.09685,0.06764,0.29958,0.02358,0.05793,0.01711,0.01077,0.01352,0.92342,0.4968,0.54033,0.10694,0.64038,0.30624,0.37025,0.5851,0.37369,0.4856,0.64689,0.49296,0.62684
0.001,0.01902,0.02972,0.1559,0.32405,0.86093,0.05,0.05,0.1,0.1,0.09003,0.78016,0.23583,0.02308,0.01732,0.00319,0.00649,0.05035,0.13188,0.18612,0.37983,0.99649,0.11968,0.42616,0.59745,1,0.36304,0.93761,0.99656,0.40883
